{
  "seed": 42,
  "split": "u1",
  "ordinal_train_wall_s": 50.10720437503187,
  "sigmoid_train_wall_s": 42.7340359580121,
  "macro_f1_ordinal": 0.36887837413712643,
  "macro_f1_sigmoid": 0.3413750735328417,
  "macro_f1_delta": 0.02750330060428474,
  "support_per_class": [
    1391,
    2192,
    5182,
    6778,
    4457
  ]
}