{
  "seed": 42,
  "bucket_edges": [
    0,
    30,
    60,
    120,
    240,
    10000
  ],
  "bucket_labels": [
    "<30",
    "30\u201359",
    "60\u2013119",
    "120\u2013239",
    "\u2265240"
  ],
  "gated_train_wall_s": 43.10584929201286,
  "additive_train_wall_s": 33.64093437505653,
  "n_test_ratings": 20000,
  "n_users_total": 943,
  "patience": 10,
  "embed_dim": 128,
  "weight_decay": 1e-05
}