{
  "seed": 42,
  "split": "u1",
  "train_wall_s": 46.129313500015996,
  "n_test": 20000,
  "embed_dim": 128,
  "user_gate": {
    "population_mean": 0.2634845972061157,
    "min_dim_mean": 0.0020126942545175552,
    "max_dim_mean": 0.9837642312049866,
    "frac_dims_above_0_5": 0.203125,
    "occ_pairwise_spearman_mean": 0.9604178111456997
  },
  "item_gate": {
    "population_mean": 0.31663116812705994,
    "min_dim_mean": 0.0019884195644408464,
    "max_dim_mean": 0.9918622970581055,
    "frac_dims_above_0_5": 0.21875,
    "gen_pairwise_spearman_mean": 0.913517823353476
  }
}