{
  "seed": 42,
  "bucket_edges": [
    0,
    30,
    60,
    120,
    240,
    10000
  ],
  "bucket_labels": [
    "<30",
    "30\u201359",
    "60\u2013119",
    "120\u2013239",
    "\u2265240"
  ],
  "gated_train_wall_s": 45.55487387499306,
  "additive_train_wall_s": 32.7012572499807,
  "n_test_ratings": 20000,
  "n_users_total": 943,
  "patience": 10,
  "embed_dim": 128,
  "weight_decay": 1e-05
}