{
  "seed": 42,
  "split": "u1",
  "kernel_sigma": 1.0,
  "n_test": 20000,
  "n_bins": 10,
  "sigmoid_train_wall_s": 35.55085775000043,
  "ordinal_train_wall_s": 40.15660641598515,
  "ece": {
    "sigmoid_pooled": 0.010758405711021693,
    "ordinal_pooled": 0.014299597494006156,
    "per_class": {
      "sigmoid": {
        "1": 0.024525972743618712,
        "2": 0.03634283503145128,
        "3": 0.03371321855580281,
        "4": 0.008784794037880586,
        "5": 0.03574924458658068
      },
      "ordinal": {
        "1": 0.008507843375392258,
        "2": 0.011672248168289663,
        "3": 0.018877297779917722,
        "4": 0.024940983219444757,
        "5": 0.02558095416724682
      }
    }
  }
}