{
  "seed": 42,
  "split": "u1",
  "train_wall_s": 51.11881587503012,
  "g_u": {
    "shape": [
      943,
      128
    ],
    "global_mean": 0.25336775183677673,
    "dim_mean_min": 0.0020312145352363586,
    "dim_mean_max": 0.9838987588882446,
    "dim_mean_std": 0.2889048159122467,
    "per_user_mean_min": 0.13354656100273132,
    "per_user_mean_max": 0.3595113456249237,
    "per_user_mean_std": 0.04130144044756889
  },
  "g_i": {
    "shape": [
      1682,
      128
    ],
    "global_mean": 0.32048821449279785,
    "dim_mean_min": 0.0023558014072477818,
    "dim_mean_max": 0.9906890392303467,
    "dim_mean_std": 0.30171164870262146,
    "per_item_mean_min": 0.22992607951164246,
    "per_item_mean_max": 0.3971392512321472,
    "per_item_mean_std": 0.030839359387755394
  }
}